-- phpMyAdmin SQL Dump
-- version 5.0.2
-- https://www.phpmyadmin.net/
--
-- Host: 127.0.0.1
-- Generation Time: Dec 31, 2020 at 05:59 AM
-- Server version: 10.4.14-MariaDB
-- PHP Version: 7.4.9

SET SQL_MODE = "NO_AUTO_VALUE_ON_ZERO";
START TRANSACTION;
SET time_zone = "+00:00";


/*!40101 SET @OLD_CHARACTER_SET_CLIENT=@@CHARACTER_SET_CLIENT */;
/*!40101 SET @OLD_CHARACTER_SET_RESULTS=@@CHARACTER_SET_RESULTS */;
/*!40101 SET @OLD_COLLATION_CONNECTION=@@COLLATION_CONNECTION */;
/*!40101 SET NAMES utf8mb4 */;

--
-- Database: `raaina_db`
--

-- --------------------------------------------------------

--
-- Table structure for table `categories`
--

CREATE TABLE `categories` (
  `id` bigint(20) UNSIGNED NOT NULL,
  `name` varchar(255) COLLATE utf8mb4_unicode_ci NOT NULL,
  `created_at` timestamp NULL DEFAULT NULL,
  `updated_at` timestamp NULL DEFAULT NULL
) ENGINE=InnoDB DEFAULT CHARSET=utf8mb4 COLLATE=utf8mb4_unicode_ci;

--
-- Dumping data for table `categories`
--

INSERT INTO `categories` (`id`, `name`, `created_at`, `updated_at`) VALUES
(1, 'Perawatan Wajah', '2020-12-06 08:37:39', '2020-12-06 09:01:20'),
(2, 'Perawatan Kulit', '2020-12-06 09:01:37', '2020-12-06 09:01:37'),
(3, 'Perawatan Rambut', '2020-12-06 09:02:15', '2020-12-06 09:02:15');

-- --------------------------------------------------------

--
-- Table structure for table `cities`
--

CREATE TABLE `cities` (
  `id` bigint(20) UNSIGNED NOT NULL,
  `province_id` bigint(20) UNSIGNED NOT NULL,
  `type` varchar(255) COLLATE utf8mb4_unicode_ci NOT NULL,
  `city_name` varchar(255) COLLATE utf8mb4_unicode_ci NOT NULL,
  `postal_code` varchar(255) COLLATE utf8mb4_unicode_ci NOT NULL,
  `ongkir` int(100) DEFAULT NULL,
  `created_at` timestamp NULL DEFAULT NULL,
  `updated_at` timestamp NULL DEFAULT NULL
) ENGINE=InnoDB DEFAULT CHARSET=utf8mb4 COLLATE=utf8mb4_unicode_ci;

--
-- Dumping data for table `cities`
--

INSERT INTO `cities` (`id`, `province_id`, `type`, `city_name`, `postal_code`, `ongkir`, `created_at`, `updated_at`) VALUES
(1, 21, 'Kabupaten', 'Aceh Barat', '23681', 20000, NULL, NULL),
(2, 21, 'Kabupaten', 'Aceh Barat Daya', '23764', 25000, NULL, NULL),
(3, 21, 'Kabupaten', 'Aceh Besar', '23951', NULL, NULL, NULL),
(4, 21, 'Kabupaten', 'Aceh Jaya', '23654', NULL, NULL, NULL),
(5, 21, 'Kabupaten', 'Aceh Selatan', '23719', NULL, NULL, NULL),
(6, 21, 'Kabupaten', 'Aceh Singkil', '24785', NULL, NULL, NULL),
(7, 21, 'Kabupaten', 'Aceh Tamiang', '24476', NULL, NULL, NULL),
(8, 21, 'Kabupaten', 'Aceh Tengah', '24511', NULL, NULL, NULL),
(9, 21, 'Kabupaten', 'Aceh Tenggara', '24611', NULL, NULL, NULL),
(10, 21, 'Kabupaten', 'Aceh Timur', '24454', NULL, NULL, NULL),
(11, 21, 'Kabupaten', 'Aceh Utara', '24382', NULL, NULL, NULL),
(12, 32, 'Kabupaten', 'Agam', '26411', NULL, NULL, NULL),
(13, 23, 'Kabupaten', 'Alor', '85811', NULL, NULL, NULL),
(14, 19, 'Kota', 'Ambon', '97222', NULL, NULL, NULL),
(15, 34, 'Kabupaten', 'Asahan', '21214', NULL, NULL, NULL),
(16, 24, 'Kabupaten', 'Asmat', '99777', NULL, NULL, NULL),
(17, 1, 'Kabupaten', 'Badung', '80351', NULL, NULL, NULL),
(18, 13, 'Kabupaten', 'Balangan', '71611', NULL, NULL, NULL),
(19, 15, 'Kota', 'Balikpapan', '76111', NULL, NULL, NULL),
(20, 21, 'Kota', 'Banda Aceh', '23238', NULL, NULL, NULL),
(21, 18, 'Kota', 'Bandar Lampung', '35139', NULL, NULL, NULL),
(22, 9, 'Kabupaten', 'Bandung', '40311', NULL, NULL, NULL),
(23, 9, 'Kota', 'Bandung', '40111', NULL, NULL, NULL),
(24, 9, 'Kabupaten', 'Bandung Barat', '40721', NULL, NULL, NULL),
(25, 29, 'Kabupaten', 'Banggai', '94711', NULL, NULL, NULL),
(26, 29, 'Kabupaten', 'Banggai Kepulauan', '94881', NULL, NULL, NULL),
(27, 2, 'Kabupaten', 'Bangka', '33212', NULL, NULL, NULL),
(28, 2, 'Kabupaten', 'Bangka Barat', '33315', NULL, NULL, NULL),
(29, 2, 'Kabupaten', 'Bangka Selatan', '33719', NULL, NULL, NULL),
(30, 2, 'Kabupaten', 'Bangka Tengah', '33613', NULL, NULL, NULL),
(31, 11, 'Kabupaten', 'Bangkalan', '69118', NULL, NULL, NULL),
(32, 1, 'Kabupaten', 'Bangli', '80619', NULL, NULL, NULL),
(33, 13, 'Kabupaten', 'Banjar', '70619', NULL, NULL, NULL),
(34, 9, 'Kota', 'Banjar', '46311', NULL, NULL, NULL),
(35, 13, 'Kota', 'Banjarbaru', '70712', NULL, NULL, NULL),
(36, 13, 'Kota', 'Banjarmasin', '70117', NULL, NULL, NULL),
(37, 10, 'Kabupaten', 'Banjarnegara', '53419', NULL, NULL, NULL),
(38, 28, 'Kabupaten', 'Bantaeng', '92411', NULL, NULL, NULL),
(39, 5, 'Kabupaten', 'Bantul', '55715', NULL, NULL, NULL),
(40, 33, 'Kabupaten', 'Banyuasin', '30911', NULL, NULL, NULL),
(41, 10, 'Kabupaten', 'Banyumas', '53114', NULL, NULL, NULL),
(42, 11, 'Kabupaten', 'Banyuwangi', '68416', NULL, NULL, NULL),
(43, 13, 'Kabupaten', 'Barito Kuala', '70511', NULL, NULL, NULL),
(44, 14, 'Kabupaten', 'Barito Selatan', '73711', NULL, NULL, NULL),
(45, 14, 'Kabupaten', 'Barito Timur', '73671', NULL, NULL, NULL),
(46, 14, 'Kabupaten', 'Barito Utara', '73881', NULL, NULL, NULL),
(47, 28, 'Kabupaten', 'Barru', '90719', NULL, NULL, NULL),
(48, 17, 'Kota', 'Batam', '29413', NULL, NULL, NULL),
(49, 10, 'Kabupaten', 'Batang', '51211', NULL, NULL, NULL),
(50, 8, 'Kabupaten', 'Batang Hari', '36613', NULL, NULL, NULL),
(51, 11, 'Kota', 'Batu', '65311', NULL, NULL, NULL),
(52, 34, 'Kabupaten', 'Batu Bara', '21655', NULL, NULL, NULL),
(53, 30, 'Kota', 'Bau-Bau', '93719', NULL, NULL, NULL),
(54, 9, 'Kabupaten', 'Bekasi', '17837', NULL, NULL, NULL),
(55, 9, 'Kota', 'Bekasi', '17121', NULL, NULL, NULL),
(56, 2, 'Kabupaten', 'Belitung', '33419', NULL, NULL, NULL),
(57, 2, 'Kabupaten', 'Belitung Timur', '33519', NULL, NULL, NULL),
(58, 23, 'Kabupaten', 'Belu', '85711', NULL, NULL, NULL),
(59, 21, 'Kabupaten', 'Bener Meriah', '24581', NULL, NULL, NULL),
(60, 26, 'Kabupaten', 'Bengkalis', '28719', NULL, NULL, NULL),
(61, 12, 'Kabupaten', 'Bengkayang', '79213', NULL, NULL, NULL),
(62, 4, 'Kota', 'Bengkulu', '38229', NULL, NULL, NULL),
(63, 4, 'Kabupaten', 'Bengkulu Selatan', '38519', NULL, NULL, NULL),
(64, 4, 'Kabupaten', 'Bengkulu Tengah', '38319', NULL, NULL, NULL),
(65, 4, 'Kabupaten', 'Bengkulu Utara', '38619', NULL, NULL, NULL),
(66, 15, 'Kabupaten', 'Berau', '77311', NULL, NULL, NULL),
(67, 24, 'Kabupaten', 'Biak Numfor', '98119', NULL, NULL, NULL),
(68, 22, 'Kabupaten', 'Bima', '84171', NULL, NULL, NULL),
(69, 22, 'Kota', 'Bima', '84139', NULL, NULL, NULL),
(70, 34, 'Kota', 'Binjai', '20712', NULL, NULL, NULL),
(71, 17, 'Kabupaten', 'Bintan', '29135', NULL, NULL, NULL),
(72, 21, 'Kabupaten', 'Bireuen', '24219', NULL, NULL, NULL),
(73, 31, 'Kota', 'Bitung', '95512', NULL, NULL, NULL),
(74, 11, 'Kabupaten', 'Blitar', '66171', NULL, NULL, NULL),
(75, 11, 'Kota', 'Blitar', '66124', NULL, NULL, NULL),
(76, 10, 'Kabupaten', 'Blora', '58219', NULL, NULL, NULL),
(77, 7, 'Kabupaten', 'Boalemo', '96319', NULL, NULL, NULL),
(78, 9, 'Kabupaten', 'Bogor', '16911', NULL, NULL, NULL),
(79, 9, 'Kota', 'Bogor', '16119', NULL, NULL, NULL),
(80, 11, 'Kabupaten', 'Bojonegoro', '62119', NULL, NULL, NULL),
(81, 31, 'Kabupaten', 'Bolaang Mongondow (Bolmong)', '95755', NULL, NULL, NULL),
(82, 31, 'Kabupaten', 'Bolaang Mongondow Selatan', '95774', NULL, NULL, NULL),
(83, 31, 'Kabupaten', 'Bolaang Mongondow Timur', '95783', NULL, NULL, NULL),
(84, 31, 'Kabupaten', 'Bolaang Mongondow Utara', '95765', NULL, NULL, NULL),
(85, 30, 'Kabupaten', 'Bombana', '93771', NULL, NULL, NULL),
(86, 11, 'Kabupaten', 'Bondowoso', '68219', NULL, NULL, NULL),
(87, 28, 'Kabupaten', 'Bone', '92713', NULL, NULL, NULL),
(88, 7, 'Kabupaten', 'Bone Bolango', '96511', NULL, NULL, NULL),
(89, 15, 'Kota', 'Bontang', '75313', NULL, NULL, NULL),
(90, 24, 'Kabupaten', 'Boven Digoel', '99662', NULL, NULL, NULL),
(91, 10, 'Kabupaten', 'Boyolali', '57312', NULL, NULL, NULL),
(92, 10, 'Kabupaten', 'Brebes', '52212', NULL, NULL, NULL),
(93, 32, 'Kota', 'Bukittinggi', '26115', NULL, NULL, NULL),
(94, 1, 'Kabupaten', 'Buleleng', '81111', NULL, NULL, NULL),
(95, 28, 'Kabupaten', 'Bulukumba', '92511', NULL, NULL, NULL),
(96, 16, 'Kabupaten', 'Bulungan (Bulongan)', '77211', NULL, NULL, NULL),
(97, 8, 'Kabupaten', 'Bungo', '37216', NULL, NULL, NULL),
(98, 29, 'Kabupaten', 'Buol', '94564', NULL, NULL, NULL),
(99, 19, 'Kabupaten', 'Buru', '97371', NULL, NULL, NULL),
(100, 19, 'Kabupaten', 'Buru Selatan', '97351', NULL, NULL, NULL),
(101, 30, 'Kabupaten', 'Buton', '93754', NULL, NULL, NULL),
(102, 30, 'Kabupaten', 'Buton Utara', '93745', NULL, NULL, NULL),
(103, 9, 'Kabupaten', 'Ciamis', '46211', NULL, NULL, NULL),
(104, 9, 'Kabupaten', 'Cianjur', '43217', NULL, NULL, NULL),
(105, 10, 'Kabupaten', 'Cilacap', '53211', NULL, NULL, NULL),
(106, 3, 'Kota', 'Cilegon', '42417', NULL, NULL, NULL),
(107, 9, 'Kota', 'Cimahi', '40512', NULL, NULL, NULL),
(108, 9, 'Kabupaten', 'Cirebon', '45611', NULL, NULL, NULL),
(109, 9, 'Kota', 'Cirebon', '45116', NULL, NULL, NULL),
(110, 34, 'Kabupaten', 'Dairi', '22211', NULL, NULL, NULL),
(111, 24, 'Kabupaten', 'Deiyai (Deliyai)', '98784', NULL, NULL, NULL),
(112, 34, 'Kabupaten', 'Deli Serdang', '20511', NULL, NULL, NULL),
(113, 10, 'Kabupaten', 'Demak', '59519', NULL, NULL, NULL),
(114, 1, 'Kota', 'Denpasar', '80227', NULL, NULL, NULL),
(115, 9, 'Kota', 'Depok', '16416', NULL, NULL, NULL),
(116, 32, 'Kabupaten', 'Dharmasraya', '27612', NULL, NULL, NULL),
(117, 24, 'Kabupaten', 'Dogiyai', '98866', NULL, NULL, NULL),
(118, 22, 'Kabupaten', 'Dompu', '84217', NULL, NULL, NULL),
(119, 29, 'Kabupaten', 'Donggala', '94341', NULL, NULL, NULL),
(120, 26, 'Kota', 'Dumai', '28811', NULL, NULL, NULL),
(121, 33, 'Kabupaten', 'Empat Lawang', '31811', NULL, NULL, NULL),
(122, 23, 'Kabupaten', 'Ende', '86351', NULL, NULL, NULL),
(123, 28, 'Kabupaten', 'Enrekang', '91719', NULL, NULL, NULL),
(124, 25, 'Kabupaten', 'Fakfak', '98651', NULL, NULL, NULL),
(125, 23, 'Kabupaten', 'Flores Timur', '86213', NULL, NULL, NULL),
(126, 9, 'Kabupaten', 'Garut', '44126', NULL, NULL, NULL),
(127, 21, 'Kabupaten', 'Gayo Lues', '24653', NULL, NULL, NULL),
(128, 1, 'Kabupaten', 'Gianyar', '80519', NULL, NULL, NULL),
(129, 7, 'Kabupaten', 'Gorontalo', '96218', NULL, NULL, NULL),
(130, 7, 'Kota', 'Gorontalo', '96115', NULL, NULL, NULL),
(131, 7, 'Kabupaten', 'Gorontalo Utara', '96611', NULL, NULL, NULL),
(132, 28, 'Kabupaten', 'Gowa', '92111', NULL, NULL, NULL),
(133, 11, 'Kabupaten', 'Gresik', '61115', NULL, NULL, NULL),
(134, 10, 'Kabupaten', 'Grobogan', '58111', NULL, NULL, NULL),
(135, 5, 'Kabupaten', 'Gunung Kidul', '55812', NULL, NULL, NULL),
(136, 14, 'Kabupaten', 'Gunung Mas', '74511', NULL, NULL, NULL),
(137, 34, 'Kota', 'Gunungsitoli', '22813', NULL, NULL, NULL),
(138, 20, 'Kabupaten', 'Halmahera Barat', '97757', NULL, NULL, NULL),
(139, 20, 'Kabupaten', 'Halmahera Selatan', '97911', NULL, NULL, NULL),
(140, 20, 'Kabupaten', 'Halmahera Tengah', '97853', NULL, NULL, NULL),
(141, 20, 'Kabupaten', 'Halmahera Timur', '97862', NULL, NULL, NULL),
(142, 20, 'Kabupaten', 'Halmahera Utara', '97762', NULL, NULL, NULL),
(143, 13, 'Kabupaten', 'Hulu Sungai Selatan', '71212', NULL, NULL, NULL),
(144, 13, 'Kabupaten', 'Hulu Sungai Tengah', '71313', NULL, NULL, NULL),
(145, 13, 'Kabupaten', 'Hulu Sungai Utara', '71419', NULL, NULL, NULL),
(146, 34, 'Kabupaten', 'Humbang Hasundutan', '22457', NULL, NULL, NULL),
(147, 26, 'Kabupaten', 'Indragiri Hilir', '29212', NULL, NULL, NULL),
(148, 26, 'Kabupaten', 'Indragiri Hulu', '29319', NULL, NULL, NULL),
(149, 9, 'Kabupaten', 'Indramayu', '45214', NULL, NULL, NULL),
(150, 24, 'Kabupaten', 'Intan Jaya', '98771', NULL, NULL, NULL),
(151, 6, 'Kota', 'Jakarta Barat', '11220', NULL, NULL, NULL),
(152, 6, 'Kota', 'Jakarta Pusat', '10540', NULL, NULL, NULL),
(153, 6, 'Kota', 'Jakarta Selatan', '12230', NULL, NULL, NULL),
(154, 6, 'Kota', 'Jakarta Timur', '13330', NULL, NULL, NULL),
(155, 6, 'Kota', 'Jakarta Utara', '14140', NULL, NULL, NULL),
(156, 8, 'Kota', 'Jambi', '36111', NULL, NULL, NULL),
(157, 24, 'Kabupaten', 'Jayapura', '99352', NULL, NULL, NULL),
(158, 24, 'Kota', 'Jayapura', '99114', NULL, NULL, NULL),
(159, 24, 'Kabupaten', 'Jayawijaya', '99511', NULL, NULL, NULL),
(160, 11, 'Kabupaten', 'Jember', '68113', NULL, NULL, NULL),
(161, 1, 'Kabupaten', 'Jembrana', '82251', NULL, NULL, NULL),
(162, 28, 'Kabupaten', 'Jeneponto', '92319', NULL, NULL, NULL),
(163, 10, 'Kabupaten', 'Jepara', '59419', NULL, NULL, NULL),
(164, 11, 'Kabupaten', 'Jombang', '61415', NULL, NULL, NULL),
(165, 25, 'Kabupaten', 'Kaimana', '98671', NULL, NULL, NULL),
(166, 26, 'Kabupaten', 'Kampar', '28411', NULL, NULL, NULL),
(167, 14, 'Kabupaten', 'Kapuas', '73583', NULL, NULL, NULL),
(168, 12, 'Kabupaten', 'Kapuas Hulu', '78719', NULL, NULL, NULL),
(169, 10, 'Kabupaten', 'Karanganyar', '57718', NULL, NULL, NULL),
(170, 1, 'Kabupaten', 'Karangasem', '80819', NULL, NULL, NULL),
(171, 9, 'Kabupaten', 'Karawang', '41311', NULL, NULL, NULL),
(172, 17, 'Kabupaten', 'Karimun', '29611', NULL, NULL, NULL),
(173, 34, 'Kabupaten', 'Karo', '22119', NULL, NULL, NULL),
(174, 14, 'Kabupaten', 'Katingan', '74411', NULL, NULL, NULL),
(175, 4, 'Kabupaten', 'Kaur', '38911', NULL, NULL, NULL),
(176, 12, 'Kabupaten', 'Kayong Utara', '78852', NULL, NULL, NULL),
(177, 10, 'Kabupaten', 'Kebumen', '54319', NULL, NULL, NULL),
(178, 11, 'Kabupaten', 'Kediri', '64184', NULL, NULL, NULL),
(179, 11, 'Kota', 'Kediri', '64125', NULL, NULL, NULL),
(180, 24, 'Kabupaten', 'Keerom', '99461', NULL, NULL, NULL),
(181, 10, 'Kabupaten', 'Kendal', '51314', NULL, NULL, NULL),
(182, 30, 'Kota', 'Kendari', '93126', NULL, NULL, NULL),
(183, 4, 'Kabupaten', 'Kepahiang', '39319', NULL, NULL, NULL),
(184, 17, 'Kabupaten', 'Kepulauan Anambas', '29991', NULL, NULL, NULL),
(185, 19, 'Kabupaten', 'Kepulauan Aru', '97681', NULL, NULL, NULL),
(186, 32, 'Kabupaten', 'Kepulauan Mentawai', '25771', NULL, NULL, NULL),
(187, 26, 'Kabupaten', 'Kepulauan Meranti', '28791', NULL, NULL, NULL),
(188, 31, 'Kabupaten', 'Kepulauan Sangihe', '95819', NULL, NULL, NULL),
(189, 6, 'Kabupaten', 'Kepulauan Seribu', '14550', NULL, NULL, NULL),
(190, 31, 'Kabupaten', 'Kepulauan Siau Tagulandang Biaro (Sitaro)', '95862', NULL, NULL, NULL),
(191, 20, 'Kabupaten', 'Kepulauan Sula', '97995', NULL, NULL, NULL),
(192, 31, 'Kabupaten', 'Kepulauan Talaud', '95885', NULL, NULL, NULL),
(193, 24, 'Kabupaten', 'Kepulauan Yapen (Yapen Waropen)', '98211', NULL, NULL, NULL),
(194, 8, 'Kabupaten', 'Kerinci', '37167', NULL, NULL, NULL),
(195, 12, 'Kabupaten', 'Ketapang', '78874', NULL, NULL, NULL),
(196, 10, 'Kabupaten', 'Klaten', '57411', NULL, NULL, NULL),
(197, 1, 'Kabupaten', 'Klungkung', '80719', NULL, NULL, NULL),
(198, 30, 'Kabupaten', 'Kolaka', '93511', NULL, NULL, NULL),
(199, 30, 'Kabupaten', 'Kolaka Utara', '93911', NULL, NULL, NULL),
(200, 30, 'Kabupaten', 'Konawe', '93411', NULL, NULL, NULL),
(201, 30, 'Kabupaten', 'Konawe Selatan', '93811', NULL, NULL, NULL),
(202, 30, 'Kabupaten', 'Konawe Utara', '93311', NULL, NULL, NULL),
(203, 13, 'Kabupaten', 'Kotabaru', '72119', NULL, NULL, NULL),
(204, 31, 'Kota', 'Kotamobagu', '95711', NULL, NULL, NULL),
(205, 14, 'Kabupaten', 'Kotawaringin Barat', '74119', NULL, NULL, NULL),
(206, 14, 'Kabupaten', 'Kotawaringin Timur', '74364', NULL, NULL, NULL),
(207, 26, 'Kabupaten', 'Kuantan Singingi', '29519', NULL, NULL, NULL),
(208, 12, 'Kabupaten', 'Kubu Raya', '78311', NULL, NULL, NULL),
(209, 10, 'Kabupaten', 'Kudus', '59311', NULL, NULL, NULL),
(210, 5, 'Kabupaten', 'Kulon Progo', '55611', NULL, NULL, NULL),
(211, 9, 'Kabupaten', 'Kuningan', '45511', NULL, NULL, NULL),
(212, 23, 'Kabupaten', 'Kupang', '85362', NULL, NULL, NULL),
(213, 23, 'Kota', 'Kupang', '85119', NULL, NULL, NULL),
(214, 15, 'Kabupaten', 'Kutai Barat', '75711', NULL, NULL, NULL),
(215, 15, 'Kabupaten', 'Kutai Kartanegara', '75511', NULL, NULL, NULL),
(216, 15, 'Kabupaten', 'Kutai Timur', '75611', NULL, NULL, NULL),
(217, 34, 'Kabupaten', 'Labuhan Batu', '21412', NULL, NULL, NULL),
(218, 34, 'Kabupaten', 'Labuhan Batu Selatan', '21511', NULL, NULL, NULL),
(219, 34, 'Kabupaten', 'Labuhan Batu Utara', '21711', NULL, NULL, NULL),
(220, 33, 'Kabupaten', 'Lahat', '31419', NULL, NULL, NULL),
(221, 14, 'Kabupaten', 'Lamandau', '74611', NULL, NULL, NULL),
(222, 11, 'Kabupaten', 'Lamongan', '64125', NULL, NULL, NULL),
(223, 18, 'Kabupaten', 'Lampung Barat', '34814', NULL, NULL, NULL),
(224, 18, 'Kabupaten', 'Lampung Selatan', '35511', NULL, NULL, NULL),
(225, 18, 'Kabupaten', 'Lampung Tengah', '34212', NULL, NULL, NULL),
(226, 18, 'Kabupaten', 'Lampung Timur', '34319', NULL, NULL, NULL),
(227, 18, 'Kabupaten', 'Lampung Utara', '34516', NULL, NULL, NULL),
(228, 12, 'Kabupaten', 'Landak', '78319', NULL, NULL, NULL),
(229, 34, 'Kabupaten', 'Langkat', '20811', NULL, NULL, NULL),
(230, 21, 'Kota', 'Langsa', '24412', NULL, NULL, NULL),
(231, 24, 'Kabupaten', 'Lanny Jaya', '99531', NULL, NULL, NULL),
(232, 3, 'Kabupaten', 'Lebak', '42319', NULL, NULL, NULL),
(233, 4, 'Kabupaten', 'Lebong', '39264', NULL, NULL, NULL),
(234, 23, 'Kabupaten', 'Lembata', '86611', NULL, NULL, NULL),
(235, 21, 'Kota', 'Lhokseumawe', '24352', NULL, NULL, NULL),
(236, 32, 'Kabupaten', 'Lima Puluh Koto/Kota', '26671', NULL, NULL, NULL),
(237, 17, 'Kabupaten', 'Lingga', '29811', NULL, NULL, NULL),
(238, 22, 'Kabupaten', 'Lombok Barat', '83311', NULL, NULL, NULL),
(239, 22, 'Kabupaten', 'Lombok Tengah', '83511', NULL, NULL, NULL),
(240, 22, 'Kabupaten', 'Lombok Timur', '83612', NULL, NULL, NULL),
(241, 22, 'Kabupaten', 'Lombok Utara', '83711', NULL, NULL, NULL),
(242, 33, 'Kota', 'Lubuk Linggau', '31614', NULL, NULL, NULL),
(243, 11, 'Kabupaten', 'Lumajang', '67319', NULL, NULL, NULL),
(244, 28, 'Kabupaten', 'Luwu', '91994', NULL, NULL, NULL),
(245, 28, 'Kabupaten', 'Luwu Timur', '92981', NULL, NULL, NULL),
(246, 28, 'Kabupaten', 'Luwu Utara', '92911', NULL, NULL, NULL),
(247, 11, 'Kabupaten', 'Madiun', '63153', NULL, NULL, NULL),
(248, 11, 'Kota', 'Madiun', '63122', NULL, NULL, NULL),
(249, 10, 'Kabupaten', 'Magelang', '56519', NULL, NULL, NULL),
(250, 10, 'Kota', 'Magelang', '56133', NULL, NULL, NULL),
(251, 11, 'Kabupaten', 'Magetan', '63314', NULL, NULL, NULL),
(252, 9, 'Kabupaten', 'Majalengka', '45412', NULL, NULL, NULL),
(253, 27, 'Kabupaten', 'Majene', '91411', NULL, NULL, NULL),
(254, 28, 'Kota', 'Makassar', '90111', NULL, NULL, NULL),
(255, 11, 'Kabupaten', 'Malang', '65163', NULL, NULL, NULL),
(256, 11, 'Kota', 'Malang', '65112', NULL, NULL, NULL),
(257, 16, 'Kabupaten', 'Malinau', '77511', NULL, NULL, NULL),
(258, 19, 'Kabupaten', 'Maluku Barat Daya', '97451', NULL, NULL, NULL),
(259, 19, 'Kabupaten', 'Maluku Tengah', '97513', NULL, NULL, NULL),
(260, 19, 'Kabupaten', 'Maluku Tenggara', '97651', NULL, NULL, NULL),
(261, 19, 'Kabupaten', 'Maluku Tenggara Barat', '97465', NULL, NULL, NULL),
(262, 27, 'Kabupaten', 'Mamasa', '91362', NULL, NULL, NULL),
(263, 24, 'Kabupaten', 'Mamberamo Raya', '99381', NULL, NULL, NULL),
(264, 24, 'Kabupaten', 'Mamberamo Tengah', '99553', NULL, NULL, NULL),
(265, 27, 'Kabupaten', 'Mamuju', '91519', NULL, NULL, NULL),
(266, 27, 'Kabupaten', 'Mamuju Utara', '91571', NULL, NULL, NULL),
(267, 31, 'Kota', 'Manado', '95247', NULL, NULL, NULL),
(268, 34, 'Kabupaten', 'Mandailing Natal', '22916', NULL, NULL, NULL),
(269, 23, 'Kabupaten', 'Manggarai', '86551', NULL, NULL, NULL),
(270, 23, 'Kabupaten', 'Manggarai Barat', '86711', NULL, NULL, NULL),
(271, 23, 'Kabupaten', 'Manggarai Timur', '86811', NULL, NULL, NULL),
(272, 25, 'Kabupaten', 'Manokwari', '98311', NULL, NULL, NULL),
(273, 25, 'Kabupaten', 'Manokwari Selatan', '98355', NULL, NULL, NULL),
(274, 24, 'Kabupaten', 'Mappi', '99853', NULL, NULL, NULL),
(275, 28, 'Kabupaten', 'Maros', '90511', NULL, NULL, NULL),
(276, 22, 'Kota', 'Mataram', '83131', NULL, NULL, NULL),
(277, 25, 'Kabupaten', 'Maybrat', '98051', NULL, NULL, NULL),
(278, 34, 'Kota', 'Medan', '20228', NULL, NULL, NULL),
(279, 12, 'Kabupaten', 'Melawi', '78619', NULL, NULL, NULL),
(280, 8, 'Kabupaten', 'Merangin', '37319', NULL, NULL, NULL),
(281, 24, 'Kabupaten', 'Merauke', '99613', NULL, NULL, NULL),
(282, 18, 'Kabupaten', 'Mesuji', '34911', NULL, NULL, NULL),
(283, 18, 'Kota', 'Metro', '34111', NULL, NULL, NULL),
(284, 24, 'Kabupaten', 'Mimika', '99962', NULL, NULL, NULL),
(285, 31, 'Kabupaten', 'Minahasa', '95614', NULL, NULL, NULL),
(286, 31, 'Kabupaten', 'Minahasa Selatan', '95914', NULL, NULL, NULL),
(287, 31, 'Kabupaten', 'Minahasa Tenggara', '95995', NULL, NULL, NULL),
(288, 31, 'Kabupaten', 'Minahasa Utara', '95316', NULL, NULL, NULL),
(289, 11, 'Kabupaten', 'Mojokerto', '61382', NULL, NULL, NULL),
(290, 11, 'Kota', 'Mojokerto', '61316', NULL, NULL, NULL),
(291, 29, 'Kabupaten', 'Morowali', '94911', NULL, NULL, NULL),
(292, 33, 'Kabupaten', 'Muara Enim', '31315', NULL, NULL, NULL),
(293, 8, 'Kabupaten', 'Muaro Jambi', '36311', NULL, NULL, NULL),
(294, 4, 'Kabupaten', 'Muko Muko', '38715', NULL, NULL, NULL),
(295, 30, 'Kabupaten', 'Muna', '93611', NULL, NULL, NULL),
(296, 14, 'Kabupaten', 'Murung Raya', '73911', NULL, NULL, NULL),
(297, 33, 'Kabupaten', 'Musi Banyuasin', '30719', NULL, NULL, NULL),
(298, 33, 'Kabupaten', 'Musi Rawas', '31661', NULL, NULL, NULL),
(299, 24, 'Kabupaten', 'Nabire', '98816', NULL, NULL, NULL),
(300, 21, 'Kabupaten', 'Nagan Raya', '23674', NULL, NULL, NULL),
(301, 23, 'Kabupaten', 'Nagekeo', '86911', NULL, NULL, NULL),
(302, 17, 'Kabupaten', 'Natuna', '29711', NULL, NULL, NULL),
(303, 24, 'Kabupaten', 'Nduga', '99541', NULL, NULL, NULL),
(304, 23, 'Kabupaten', 'Ngada', '86413', NULL, NULL, NULL),
(305, 11, 'Kabupaten', 'Nganjuk', '64414', NULL, NULL, NULL),
(306, 11, 'Kabupaten', 'Ngawi', '63219', NULL, NULL, NULL),
(307, 34, 'Kabupaten', 'Nias', '22876', NULL, NULL, NULL),
(308, 34, 'Kabupaten', 'Nias Barat', '22895', NULL, NULL, NULL),
(309, 34, 'Kabupaten', 'Nias Selatan', '22865', NULL, NULL, NULL),
(310, 34, 'Kabupaten', 'Nias Utara', '22856', NULL, NULL, NULL),
(311, 16, 'Kabupaten', 'Nunukan', '77421', NULL, NULL, NULL),
(312, 33, 'Kabupaten', 'Ogan Ilir', '30811', NULL, NULL, NULL),
(313, 33, 'Kabupaten', 'Ogan Komering Ilir', '30618', NULL, NULL, NULL),
(314, 33, 'Kabupaten', 'Ogan Komering Ulu', '32112', NULL, NULL, NULL),
(315, 33, 'Kabupaten', 'Ogan Komering Ulu Selatan', '32211', NULL, NULL, NULL),
(316, 33, 'Kabupaten', 'Ogan Komering Ulu Timur', '32312', NULL, NULL, NULL),
(317, 11, 'Kabupaten', 'Pacitan', '63512', NULL, NULL, NULL),
(318, 32, 'Kota', 'Padang', '25112', NULL, NULL, NULL),
(319, 34, 'Kabupaten', 'Padang Lawas', '22763', NULL, NULL, NULL),
(320, 34, 'Kabupaten', 'Padang Lawas Utara', '22753', NULL, NULL, NULL),
(321, 32, 'Kota', 'Padang Panjang', '27122', NULL, NULL, NULL),
(322, 32, 'Kabupaten', 'Padang Pariaman', '25583', NULL, NULL, NULL),
(323, 34, 'Kota', 'Padang Sidempuan', '22727', NULL, NULL, NULL),
(324, 33, 'Kota', 'Pagar Alam', '31512', NULL, NULL, NULL),
(325, 34, 'Kabupaten', 'Pakpak Bharat', '22272', NULL, NULL, NULL),
(326, 14, 'Kota', 'Palangka Raya', '73112', NULL, NULL, NULL),
(327, 33, 'Kota', 'Palembang', '30111', NULL, NULL, NULL),
(328, 28, 'Kota', 'Palopo', '91911', NULL, NULL, NULL),
(329, 29, 'Kota', 'Palu', '94111', NULL, NULL, NULL),
(330, 11, 'Kabupaten', 'Pamekasan', '69319', NULL, NULL, NULL),
(331, 3, 'Kabupaten', 'Pandeglang', '42212', NULL, NULL, NULL),
(332, 9, 'Kabupaten', 'Pangandaran', '46511', NULL, NULL, NULL),
(333, 28, 'Kabupaten', 'Pangkajene Kepulauan', '90611', NULL, NULL, NULL),
(334, 2, 'Kota', 'Pangkal Pinang', '33115', NULL, NULL, NULL),
(335, 24, 'Kabupaten', 'Paniai', '98765', NULL, NULL, NULL),
(336, 28, 'Kota', 'Parepare', '91123', NULL, NULL, NULL),
(337, 32, 'Kota', 'Pariaman', '25511', NULL, NULL, NULL),
(338, 29, 'Kabupaten', 'Parigi Moutong', '94411', NULL, NULL, NULL),
(339, 32, 'Kabupaten', 'Pasaman', '26318', NULL, NULL, NULL),
(340, 32, 'Kabupaten', 'Pasaman Barat', '26511', NULL, NULL, NULL),
(341, 15, 'Kabupaten', 'Paser', '76211', NULL, NULL, NULL),
(342, 11, 'Kabupaten', 'Pasuruan', '67153', NULL, NULL, NULL),
(343, 11, 'Kota', 'Pasuruan', '67118', NULL, NULL, NULL),
(344, 10, 'Kabupaten', 'Pati', '59114', NULL, NULL, NULL),
(345, 32, 'Kota', 'Payakumbuh', '26213', NULL, NULL, NULL),
(346, 25, 'Kabupaten', 'Pegunungan Arfak', '98354', NULL, NULL, NULL),
(347, 24, 'Kabupaten', 'Pegunungan Bintang', '99573', NULL, NULL, NULL),
(348, 10, 'Kabupaten', 'Pekalongan', '51161', NULL, NULL, NULL),
(349, 10, 'Kota', 'Pekalongan', '51122', NULL, NULL, NULL),
(350, 26, 'Kota', 'Pekanbaru', '28112', NULL, NULL, NULL),
(351, 26, 'Kabupaten', 'Pelalawan', '28311', NULL, NULL, NULL),
(352, 10, 'Kabupaten', 'Pemalang', '52319', NULL, NULL, NULL),
(353, 34, 'Kota', 'Pematang Siantar', '21126', NULL, NULL, NULL),
(354, 15, 'Kabupaten', 'Penajam Paser Utara', '76311', NULL, NULL, NULL),
(355, 18, 'Kabupaten', 'Pesawaran', '35312', NULL, NULL, NULL),
(356, 18, 'Kabupaten', 'Pesisir Barat', '35974', NULL, NULL, NULL),
(357, 32, 'Kabupaten', 'Pesisir Selatan', '25611', NULL, NULL, NULL),
(358, 21, 'Kabupaten', 'Pidie', '24116', NULL, NULL, NULL),
(359, 21, 'Kabupaten', 'Pidie Jaya', '24186', NULL, NULL, NULL),
(360, 28, 'Kabupaten', 'Pinrang', '91251', NULL, NULL, NULL),
(361, 7, 'Kabupaten', 'Pohuwato', '96419', NULL, NULL, NULL),
(362, 27, 'Kabupaten', 'Polewali Mandar', '91311', NULL, NULL, NULL),
(363, 11, 'Kabupaten', 'Ponorogo', '63411', NULL, NULL, NULL),
(364, 12, 'Kabupaten', 'Pontianak', '78971', NULL, NULL, NULL),
(365, 12, 'Kota', 'Pontianak', '78112', NULL, NULL, NULL),
(366, 29, 'Kabupaten', 'Poso', '94615', NULL, NULL, NULL),
(367, 33, 'Kota', 'Prabumulih', '31121', NULL, NULL, NULL),
(368, 18, 'Kabupaten', 'Pringsewu', '35719', NULL, NULL, NULL),
(369, 11, 'Kabupaten', 'Probolinggo', '67282', NULL, NULL, NULL),
(370, 11, 'Kota', 'Probolinggo', '67215', NULL, NULL, NULL),
(371, 14, 'Kabupaten', 'Pulang Pisau', '74811', NULL, NULL, NULL),
(372, 20, 'Kabupaten', 'Pulau Morotai', '97771', NULL, NULL, NULL),
(373, 24, 'Kabupaten', 'Puncak', '98981', NULL, NULL, NULL),
(374, 24, 'Kabupaten', 'Puncak Jaya', '98979', NULL, NULL, NULL),
(375, 10, 'Kabupaten', 'Purbalingga', '53312', NULL, NULL, NULL),
(376, 9, 'Kabupaten', 'Purwakarta', '41119', NULL, NULL, NULL),
(377, 10, 'Kabupaten', 'Purworejo', '54111', NULL, NULL, NULL),
(378, 25, 'Kabupaten', 'Raja Ampat', '98489', NULL, NULL, NULL),
(379, 4, 'Kabupaten', 'Rejang Lebong', '39112', NULL, NULL, NULL),
(380, 10, 'Kabupaten', 'Rembang', '59219', NULL, NULL, NULL),
(381, 26, 'Kabupaten', 'Rokan Hilir', '28992', NULL, NULL, NULL),
(382, 26, 'Kabupaten', 'Rokan Hulu', '28511', NULL, NULL, NULL),
(383, 23, 'Kabupaten', 'Rote Ndao', '85982', NULL, NULL, NULL),
(384, 21, 'Kota', 'Sabang', '23512', NULL, NULL, NULL),
(385, 23, 'Kabupaten', 'Sabu Raijua', '85391', NULL, NULL, NULL),
(386, 10, 'Kota', 'Salatiga', '50711', NULL, NULL, NULL),
(387, 15, 'Kota', 'Samarinda', '75133', NULL, NULL, NULL),
(388, 12, 'Kabupaten', 'Sambas', '79453', NULL, NULL, NULL),
(389, 34, 'Kabupaten', 'Samosir', '22392', NULL, NULL, NULL),
(390, 11, 'Kabupaten', 'Sampang', '69219', NULL, NULL, NULL),
(391, 12, 'Kabupaten', 'Sanggau', '78557', NULL, NULL, NULL),
(392, 24, 'Kabupaten', 'Sarmi', '99373', NULL, NULL, NULL),
(393, 8, 'Kabupaten', 'Sarolangun', '37419', NULL, NULL, NULL),
(394, 32, 'Kota', 'Sawah Lunto', '27416', NULL, NULL, NULL),
(395, 12, 'Kabupaten', 'Sekadau', '79583', NULL, NULL, NULL),
(396, 28, 'Kabupaten', 'Selayar (Kepulauan Selayar)', '92812', NULL, NULL, NULL),
(397, 4, 'Kabupaten', 'Seluma', '38811', NULL, NULL, NULL),
(398, 10, 'Kabupaten', 'Semarang', '50511', NULL, NULL, NULL),
(399, 10, 'Kota', 'Semarang', '50135', NULL, NULL, NULL),
(400, 19, 'Kabupaten', 'Seram Bagian Barat', '97561', NULL, NULL, NULL),
(401, 19, 'Kabupaten', 'Seram Bagian Timur', '97581', NULL, NULL, NULL),
(402, 3, 'Kabupaten', 'Serang', '42182', NULL, NULL, NULL),
(403, 3, 'Kota', 'Serang', '42111', NULL, NULL, NULL),
(404, 34, 'Kabupaten', 'Serdang Bedagai', '20915', NULL, NULL, NULL),
(405, 14, 'Kabupaten', 'Seruyan', '74211', NULL, NULL, NULL),
(406, 26, 'Kabupaten', 'Siak', '28623', NULL, NULL, NULL),
(407, 34, 'Kota', 'Sibolga', '22522', NULL, NULL, NULL),
(408, 28, 'Kabupaten', 'Sidenreng Rappang/Rapang', '91613', NULL, NULL, NULL),
(409, 11, 'Kabupaten', 'Sidoarjo', '61219', NULL, NULL, NULL),
(410, 29, 'Kabupaten', 'Sigi', '94364', NULL, NULL, NULL),
(411, 32, 'Kabupaten', 'Sijunjung (Sawah Lunto Sijunjung)', '27511', NULL, NULL, NULL),
(412, 23, 'Kabupaten', 'Sikka', '86121', NULL, NULL, NULL),
(413, 34, 'Kabupaten', 'Simalungun', '21162', NULL, NULL, NULL),
(414, 21, 'Kabupaten', 'Simeulue', '23891', NULL, NULL, NULL),
(415, 12, 'Kota', 'Singkawang', '79117', NULL, NULL, NULL),
(416, 28, 'Kabupaten', 'Sinjai', '92615', NULL, NULL, NULL),
(417, 12, 'Kabupaten', 'Sintang', '78619', NULL, NULL, NULL),
(418, 11, 'Kabupaten', 'Situbondo', '68316', NULL, NULL, NULL),
(419, 5, 'Kabupaten', 'Sleman', '55513', NULL, NULL, NULL),
(420, 32, 'Kabupaten', 'Solok', '27365', NULL, NULL, NULL),
(421, 32, 'Kota', 'Solok', '27315', NULL, NULL, NULL),
(422, 32, 'Kabupaten', 'Solok Selatan', '27779', NULL, NULL, NULL),
(423, 28, 'Kabupaten', 'Soppeng', '90812', NULL, NULL, NULL),
(424, 25, 'Kabupaten', 'Sorong', '98431', NULL, NULL, NULL),
(425, 25, 'Kota', 'Sorong', '98411', NULL, NULL, NULL),
(426, 25, 'Kabupaten', 'Sorong Selatan', '98454', NULL, NULL, NULL),
(427, 10, 'Kabupaten', 'Sragen', '57211', NULL, NULL, NULL),
(428, 9, 'Kabupaten', 'Subang', '41215', NULL, NULL, NULL),
(429, 21, 'Kota', 'Subulussalam', '24882', NULL, NULL, NULL),
(430, 9, 'Kabupaten', 'Sukabumi', '43311', NULL, NULL, NULL),
(431, 9, 'Kota', 'Sukabumi', '43114', NULL, NULL, NULL),
(432, 14, 'Kabupaten', 'Sukamara', '74712', NULL, NULL, NULL),
(433, 10, 'Kabupaten', 'Sukoharjo', '57514', NULL, NULL, NULL),
(434, 23, 'Kabupaten', 'Sumba Barat', '87219', NULL, NULL, NULL),
(435, 23, 'Kabupaten', 'Sumba Barat Daya', '87453', NULL, NULL, NULL),
(436, 23, 'Kabupaten', 'Sumba Tengah', '87358', NULL, NULL, NULL),
(437, 23, 'Kabupaten', 'Sumba Timur', '87112', NULL, NULL, NULL),
(438, 22, 'Kabupaten', 'Sumbawa', '84315', NULL, NULL, NULL),
(439, 22, 'Kabupaten', 'Sumbawa Barat', '84419', NULL, NULL, NULL),
(440, 9, 'Kabupaten', 'Sumedang', '45326', NULL, NULL, NULL),
(441, 11, 'Kabupaten', 'Sumenep', '69413', NULL, NULL, NULL),
(442, 8, 'Kota', 'Sungaipenuh', '37113', NULL, NULL, NULL),
(443, 24, 'Kabupaten', 'Supiori', '98164', NULL, NULL, NULL),
(444, 11, 'Kota', 'Surabaya', '60119', NULL, NULL, NULL),
(445, 10, 'Kota', 'Surakarta (Solo)', '57113', NULL, NULL, NULL),
(446, 13, 'Kabupaten', 'Tabalong', '71513', NULL, NULL, NULL),
(447, 1, 'Kabupaten', 'Tabanan', '82119', NULL, NULL, NULL),
(448, 28, 'Kabupaten', 'Takalar', '92212', NULL, NULL, NULL),
(449, 25, 'Kabupaten', 'Tambrauw', '98475', NULL, NULL, NULL),
(450, 16, 'Kabupaten', 'Tana Tidung', '77611', NULL, NULL, NULL),
(451, 28, 'Kabupaten', 'Tana Toraja', '91819', NULL, NULL, NULL),
(452, 13, 'Kabupaten', 'Tanah Bumbu', '72211', NULL, NULL, NULL),
(453, 32, 'Kabupaten', 'Tanah Datar', '27211', NULL, NULL, NULL),
(454, 13, 'Kabupaten', 'Tanah Laut', '70811', NULL, NULL, NULL),
(455, 3, 'Kabupaten', 'Tangerang', '15914', NULL, NULL, NULL),
(456, 3, 'Kota', 'Tangerang', '15111', NULL, NULL, NULL),
(457, 3, 'Kota', 'Tangerang Selatan', '15332', NULL, NULL, NULL),
(458, 18, 'Kabupaten', 'Tanggamus', '35619', NULL, NULL, NULL),
(459, 34, 'Kota', 'Tanjung Balai', '21321', NULL, NULL, NULL),
(460, 8, 'Kabupaten', 'Tanjung Jabung Barat', '36513', NULL, NULL, NULL),
(461, 8, 'Kabupaten', 'Tanjung Jabung Timur', '36719', NULL, NULL, NULL),
(462, 17, 'Kota', 'Tanjung Pinang', '29111', NULL, NULL, NULL),
(463, 34, 'Kabupaten', 'Tapanuli Selatan', '22742', NULL, NULL, NULL),
(464, 34, 'Kabupaten', 'Tapanuli Tengah', '22611', NULL, NULL, NULL),
(465, 34, 'Kabupaten', 'Tapanuli Utara', '22414', NULL, NULL, NULL),
(466, 13, 'Kabupaten', 'Tapin', '71119', NULL, NULL, NULL),
(467, 16, 'Kota', 'Tarakan', '77114', NULL, NULL, NULL),
(468, 9, 'Kabupaten', 'Tasikmalaya', '46411', NULL, NULL, NULL),
(469, 9, 'Kota', 'Tasikmalaya', '46116', NULL, NULL, NULL),
(470, 34, 'Kota', 'Tebing Tinggi', '20632', NULL, NULL, NULL),
(471, 8, 'Kabupaten', 'Tebo', '37519', NULL, NULL, NULL),
(472, 10, 'Kabupaten', 'Tegal', '52419', NULL, NULL, NULL),
(473, 10, 'Kota', 'Tegal', '52114', NULL, NULL, NULL),
(474, 25, 'Kabupaten', 'Teluk Bintuni', '98551', NULL, NULL, NULL),
(475, 25, 'Kabupaten', 'Teluk Wondama', '98591', NULL, NULL, NULL),
(476, 10, 'Kabupaten', 'Temanggung', '56212', NULL, NULL, NULL),
(477, 20, 'Kota', 'Ternate', '97714', NULL, NULL, NULL),
(478, 20, 'Kota', 'Tidore Kepulauan', '97815', NULL, NULL, NULL),
(479, 23, 'Kabupaten', 'Timor Tengah Selatan', '85562', NULL, NULL, NULL),
(480, 23, 'Kabupaten', 'Timor Tengah Utara', '85612', NULL, NULL, NULL),
(481, 34, 'Kabupaten', 'Toba Samosir', '22316', NULL, NULL, NULL),
(482, 29, 'Kabupaten', 'Tojo Una-Una', '94683', NULL, NULL, NULL),
(483, 29, 'Kabupaten', 'Toli-Toli', '94542', NULL, NULL, NULL),
(484, 24, 'Kabupaten', 'Tolikara', '99411', NULL, NULL, NULL),
(485, 31, 'Kota', 'Tomohon', '95416', NULL, NULL, NULL),
(486, 28, 'Kabupaten', 'Toraja Utara', '91831', NULL, NULL, NULL),
(487, 11, 'Kabupaten', 'Trenggalek', '66312', NULL, NULL, NULL),
(488, 19, 'Kota', 'Tual', '97612', NULL, NULL, NULL),
(489, 11, 'Kabupaten', 'Tuban', '62319', NULL, NULL, NULL),
(490, 18, 'Kabupaten', 'Tulang Bawang', '34613', NULL, NULL, NULL),
(491, 18, 'Kabupaten', 'Tulang Bawang Barat', '34419', NULL, NULL, NULL),
(492, 11, 'Kabupaten', 'Tulungagung', '66212', NULL, NULL, NULL),
(493, 28, 'Kabupaten', 'Wajo', '90911', NULL, NULL, NULL),
(494, 30, 'Kabupaten', 'Wakatobi', '93791', NULL, NULL, NULL),
(495, 24, 'Kabupaten', 'Waropen', '98269', NULL, NULL, NULL),
(496, 18, 'Kabupaten', 'Way Kanan', '34711', NULL, NULL, NULL),
(497, 10, 'Kabupaten', 'Wonogiri', '57619', NULL, NULL, NULL),
(498, 10, 'Kabupaten', 'Wonosobo', '56311', NULL, NULL, NULL),
(499, 24, 'Kabupaten', 'Yahukimo', '99041', NULL, NULL, NULL),
(500, 24, 'Kabupaten', 'Yalimo', '99481', NULL, NULL, NULL),
(501, 5, 'Kota', 'Yogyakarta', '55111', NULL, NULL, NULL);

-- --------------------------------------------------------

--
-- Table structure for table `details`
--

CREATE TABLE `details` (
  `id` bigint(20) UNSIGNED NOT NULL,
  `jumlah_pesanan` int(100) NOT NULL,
  `total_harga` int(255) NOT NULL,
  `product_id` bigint(20) UNSIGNED NOT NULL,
  `order_id` bigint(20) UNSIGNED NOT NULL,
  `created_at` timestamp NULL DEFAULT NULL,
  `updated_at` timestamp NULL DEFAULT NULL
) ENGINE=InnoDB DEFAULT CHARSET=utf8mb4 COLLATE=utf8mb4_unicode_ci;

--
-- Dumping data for table `details`
--

INSERT INTO `details` (`id`, `jumlah_pesanan`, `total_harga`, `product_id`, `order_id`, `created_at`, `updated_at`) VALUES
(9, 4, 80000, 6, 8, '2020-12-13 02:54:24', '2020-12-13 02:54:24'),
(10, 8, 160000, 8, 8, '2020-12-13 02:54:50', '2020-12-13 02:54:50'),
(12, 4, 80000, 8, 9, '2020-12-20 01:44:57', '2020-12-20 01:44:57'),
(13, 5, 61560, 7, 9, '2020-12-20 01:45:09', '2020-12-20 01:45:09'),
(16, 4, 80000, 6, 11, '2020-12-20 05:26:44', '2020-12-20 05:26:44'),
(17, 6, 120000, 6, 12, '2020-12-20 06:18:34', '2020-12-20 06:18:34'),
(18, 8, 160000, 8, 13, '2020-12-20 06:23:15', '2020-12-20 06:23:15'),
(19, 8, 160000, 8, 14, '2020-12-20 07:40:09', '2020-12-20 07:40:09'),
(20, 8, 160000, 8, 15, '2020-12-20 07:41:12', '2020-12-20 07:41:12'),
(21, 9, 180000, 8, 16, '2020-12-20 07:43:08', '2020-12-20 07:43:08'),
(22, 14, 280000, 8, 17, '2020-12-20 07:51:43', '2020-12-20 07:54:10'),
(23, 12, 240000, 8, 18, '2020-12-20 07:56:06', '2020-12-20 07:56:20'),
(24, 2, 40000, 6, 18, '2020-12-20 07:56:37', '2020-12-20 07:56:37'),
(25, 4, 49248, 7, 19, '2020-12-21 18:31:36', '2020-12-21 18:31:36'),
(26, 4, 80000, 6, 20, '2020-12-23 23:04:52', '2020-12-23 23:04:52'),
(27, 12, 240000, 8, 21, '2020-12-23 23:44:30', '2020-12-24 00:25:53');

-- --------------------------------------------------------

--
-- Table structure for table `failed_jobs`
--

CREATE TABLE `failed_jobs` (
  `id` bigint(20) UNSIGNED NOT NULL,
  `uuid` varchar(255) COLLATE utf8mb4_unicode_ci NOT NULL,
  `connection` text COLLATE utf8mb4_unicode_ci NOT NULL,
  `queue` text COLLATE utf8mb4_unicode_ci NOT NULL,
  `payload` longtext COLLATE utf8mb4_unicode_ci NOT NULL,
  `exception` longtext COLLATE utf8mb4_unicode_ci NOT NULL,
  `failed_at` timestamp NOT NULL DEFAULT current_timestamp()
) ENGINE=InnoDB DEFAULT CHARSET=utf8mb4 COLLATE=utf8mb4_unicode_ci;

-- --------------------------------------------------------

--
-- Table structure for table `headers`
--

CREATE TABLE `headers` (
  `id` bigint(20) UNSIGNED NOT NULL,
  `images` varchar(255) COLLATE utf8mb4_unicode_ci NOT NULL,
  `created_at` timestamp NULL DEFAULT NULL,
  `updated_at` timestamp NULL DEFAULT NULL
) ENGINE=InnoDB DEFAULT CHARSET=utf8mb4 COLLATE=utf8mb4_unicode_ci;

--
-- Dumping data for table `headers`
--

INSERT INTO `headers` (`id`, `images`, `created_at`, `updated_at`) VALUES
(1, '1607446089.jpg', NULL, '2020-12-08 09:48:09'),
(2, '1607446098.jpg', NULL, '2020-12-08 09:48:18'),
(3, '1607446108.jpg', NULL, '2020-12-08 09:48:28');

-- --------------------------------------------------------

--
-- Table structure for table `ingredients`
--

CREATE TABLE `ingredients` (
  `id` bigint(20) UNSIGNED NOT NULL,
  `name` varchar(255) COLLATE utf8mb4_unicode_ci NOT NULL,
  `description` longtext COLLATE utf8mb4_unicode_ci NOT NULL,
  `created_at` timestamp NULL DEFAULT NULL,
  `updated_at` timestamp NULL DEFAULT NULL
) ENGINE=InnoDB DEFAULT CHARSET=utf8mb4 COLLATE=utf8mb4_unicode_ci;

--
-- Dumping data for table `ingredients`
--

INSERT INTO `ingredients` (`id`, `name`, `description`, `created_at`, `updated_at`) VALUES
(1, 'Ingredient 1', 'Contoh', '2020-12-03 00:51:38', '2020-12-03 00:51:38'),
(5, 'Ingredient 2', 'Contoh', '2020-12-06 21:08:36', '2020-12-06 21:08:36'),
(6, 'Alpha-Lipoic Acid ldasdasldasldaldasdasdasdl', 'sdadasdasdasdasdsadsd<br />\r\nsadasdad<br />\r\ndasdasdasdasd<br />\r\nsdasdasdasdas<br />\r\nsadasdasdasdas', '2020-12-09 01:17:03', '2020-12-09 01:17:03');

-- --------------------------------------------------------

--
-- Table structure for table `ingredient_product`
--

CREATE TABLE `ingredient_product` (
  `id` bigint(20) UNSIGNED NOT NULL,
  `ingredient_id` int(11) NOT NULL,
  `product_id` int(11) NOT NULL,
  `created_at` timestamp NULL DEFAULT NULL,
  `updated_at` timestamp NULL DEFAULT NULL
) ENGINE=InnoDB DEFAULT CHARSET=utf8mb4 COLLATE=utf8mb4_unicode_ci;

--
-- Dumping data for table `ingredient_product`
--

INSERT INTO `ingredient_product` (`id`, `ingredient_id`, `product_id`, `created_at`, `updated_at`) VALUES
(1, 1, 4, NULL, NULL),
(8, 1, 5, NULL, NULL),
(10, 5, 4, NULL, NULL),
(11, 5, 6, NULL, NULL),
(12, 6, 6, NULL, NULL),
(13, 5, 7, NULL, NULL),
(14, 1, 8, NULL, NULL),
(15, 6, 8, NULL, NULL);

-- --------------------------------------------------------

--
-- Table structure for table `migrations`
--

CREATE TABLE `migrations` (
  `id` int(10) UNSIGNED NOT NULL,
  `migration` varchar(255) COLLATE utf8mb4_unicode_ci NOT NULL,
  `batch` int(11) NOT NULL
) ENGINE=InnoDB DEFAULT CHARSET=utf8mb4 COLLATE=utf8mb4_unicode_ci;

--
-- Dumping data for table `migrations`
--

INSERT INTO `migrations` (`id`, `migration`, `batch`) VALUES
(1, '2014_10_12_000000_create_users_table', 1),
(2, '2014_10_12_100000_create_password_resets_table', 1),
(3, '2019_08_19_000000_create_failed_jobs_table', 1),
(4, '2020_12_03_060959_create_ingredients_table', 1),
(10, '2020_12_02_141902_create_categories_table', 2),
(11, '2020_12_03_163444_create_products_table', 3),
(12, '2020_12_06_173656_add_stock_to_products', 4),
(13, '2020_12_07_034005_create_ingredient_product_table', 5),
(14, '2020_12_09_175811_create_profiles_table', 6),
(15, '2020_12_11_061206_create_provinces_table', 7),
(16, '2020_12_11_061218_create_cities_table', 7),
(17, '2020_12_11_072116_create_orders_table', 8),
(18, '2020_12_11_072136_create_details_table', 8);

-- --------------------------------------------------------

--
-- Table structure for table `orders`
--

CREATE TABLE `orders` (
  `id` bigint(20) UNSIGNED NOT NULL,
  `status` varchar(255) COLLATE utf8mb4_unicode_ci NOT NULL DEFAULT '0',
  `total_harga` int(11) NOT NULL,
  `bukti_pembayaran` varchar(50) COLLATE utf8mb4_unicode_ci DEFAULT NULL,
  `order_status` enum('Pembayaran Belum Diterima','Pembayaran Sudah Diterima','Dalam Proses Pengiriman','Transaksi Selesai') COLLATE utf8mb4_unicode_ci DEFAULT 'Pembayaran Belum Diterima',
  `nama_penerima` varchar(200) COLLATE utf8mb4_unicode_ci DEFAULT NULL,
  `no_hp` varchar(15) COLLATE utf8mb4_unicode_ci DEFAULT NULL,
  `provinsi` varchar(200) COLLATE utf8mb4_unicode_ci DEFAULT NULL,
  `kota` varchar(200) COLLATE utf8mb4_unicode_ci DEFAULT NULL,
  `kecamatan` varchar(200) COLLATE utf8mb4_unicode_ci DEFAULT NULL,
  `kode_pos` varchar(7) COLLATE utf8mb4_unicode_ci DEFAULT NULL,
  `alamat` longtext COLLATE utf8mb4_unicode_ci DEFAULT NULL,
  `user_id` bigint(20) UNSIGNED NOT NULL,
  `created_at` timestamp NULL DEFAULT NULL,
  `updated_at` timestamp NULL DEFAULT NULL
) ENGINE=InnoDB DEFAULT CHARSET=utf8mb4 COLLATE=utf8mb4_unicode_ci;

--
-- Dumping data for table `orders`
--

INSERT INTO `orders` (`id`, `status`, `total_harga`, `bukti_pembayaran`, `order_status`, `nama_penerima`, `no_hp`, `provinsi`, `kota`, `kecamatan`, `kode_pos`, `alamat`, `user_id`, `created_at`, `updated_at`) VALUES
(8, '1', 240000, '', 'Dalam Proses Pengiriman', NULL, NULL, NULL, NULL, NULL, NULL, NULL, 1, '2020-12-12 01:01:49', '2020-12-20 05:21:29'),
(9, '1', 141560, '1608457795.jpg', 'Transaksi Selesai', NULL, NULL, NULL, NULL, NULL, NULL, NULL, 2, '2020-12-20 01:39:57', '2020-12-20 06:04:10'),
(11, '1', 80000, NULL, 'Pembayaran Belum Diterima', NULL, NULL, NULL, NULL, NULL, NULL, NULL, 2, '2020-12-20 05:26:44', '2020-12-20 06:15:39'),
(12, '1', 120000, NULL, 'Pembayaran Belum Diterima', NULL, NULL, NULL, NULL, NULL, NULL, NULL, 2, '2020-12-20 06:18:34', '2020-12-20 06:18:40'),
(13, '1', 160000, NULL, 'Pembayaran Belum Diterima', NULL, NULL, NULL, NULL, NULL, NULL, NULL, 2, '2020-12-20 06:23:15', '2020-12-20 07:38:18'),
(14, '1', 160000, NULL, 'Pembayaran Belum Diterima', NULL, NULL, NULL, NULL, NULL, NULL, NULL, 2, '2020-12-20 07:40:09', '2020-12-20 07:40:21'),
(15, '1', 160000, NULL, 'Pembayaran Belum Diterima', NULL, NULL, NULL, NULL, NULL, NULL, NULL, 2, '2020-12-20 07:41:12', '2020-12-20 07:41:19'),
(16, '1', 180000, NULL, 'Pembayaran Belum Diterima', NULL, NULL, NULL, NULL, NULL, NULL, NULL, 2, '2020-12-20 07:43:08', '2020-12-20 07:43:15'),
(17, '1', 280000, NULL, 'Pembayaran Belum Diterima', NULL, NULL, NULL, NULL, NULL, NULL, NULL, 2, '2020-12-20 07:51:43', '2020-12-20 07:54:20'),
(18, '1', 280000, NULL, 'Pembayaran Belum Diterima', NULL, NULL, NULL, NULL, NULL, NULL, NULL, 2, '2020-12-20 07:56:06', '2020-12-20 07:59:43'),
(19, '1', 49248, NULL, 'Pembayaran Belum Diterima', 'Akun Guest Test edited', '829328233', 'jakarta', 'jakara', 'sdada', '123', 'alamat asal dulu', 2, '2020-12-21 18:31:36', '2020-12-23 23:02:24'),
(20, '1', 80000, '1608790999.jpg', 'Pembayaran Belum Diterima', 'Akun Guest Test edited', '829328233', 'jakarta', 'jakarta timur', 'pasar rebo', '13710', 'alamat asal dulu', 2, '2020-12-23 23:04:52', '2020-12-23 23:23:19'),
(21, '0', 240000, NULL, 'Pembayaran Belum Diterima', NULL, NULL, NULL, NULL, NULL, NULL, NULL, 2, '2020-12-23 23:44:30', '2020-12-24 00:25:53');

-- --------------------------------------------------------

--
-- Table structure for table `password_resets`
--

CREATE TABLE `password_resets` (
  `email` varchar(255) COLLATE utf8mb4_unicode_ci NOT NULL,
  `token` varchar(255) COLLATE utf8mb4_unicode_ci NOT NULL,
  `created_at` timestamp NULL DEFAULT NULL
) ENGINE=InnoDB DEFAULT CHARSET=utf8mb4 COLLATE=utf8mb4_unicode_ci;

--
-- Dumping data for table `password_resets`
--

INSERT INTO `password_resets` (`email`, `token`, `created_at`) VALUES
('helmihakimudin@gmail.com', '$2y$10$8F0p/Izz7AlXfHKiRbkrM.hzyjtJkICkepVky/q/qpZ1Fkr7ebCs.', '2020-12-09 10:14:27');

-- --------------------------------------------------------

--
-- Table structure for table `products`
--

CREATE TABLE `products` (
  `id` bigint(20) UNSIGNED NOT NULL,
  `categories_id` bigint(20) UNSIGNED NOT NULL,
  `name` varchar(255) COLLATE utf8mb4_unicode_ci NOT NULL,
  `qty` varchar(255) COLLATE utf8mb4_unicode_ci NOT NULL,
  `dimensi` varchar(255) COLLATE utf8mb4_unicode_ci DEFAULT NULL,
  `berat_produk` int(11) NOT NULL,
  `manfaat` longtext COLLATE utf8mb4_unicode_ci DEFAULT NULL,
  `cara_penggunaan` longtext COLLATE utf8mb4_unicode_ci DEFAULT NULL,
  `harga` decimal(50,0) NOT NULL,
  `image1` varchar(255) COLLATE utf8mb4_unicode_ci DEFAULT NULL,
  `image2` varchar(255) COLLATE utf8mb4_unicode_ci DEFAULT NULL,
  `image3` varchar(255) COLLATE utf8mb4_unicode_ci DEFAULT NULL,
  `created_at` timestamp NULL DEFAULT NULL,
  `updated_at` timestamp NULL DEFAULT NULL,
  `stock` enum('In Stock','Out of Stock') COLLATE utf8mb4_unicode_ci NOT NULL
) ENGINE=InnoDB DEFAULT CHARSET=utf8mb4 COLLATE=utf8mb4_unicode_ci;

--
-- Dumping data for table `products`
--

INSERT INTO `products` (`id`, `categories_id`, `name`, `qty`, `dimensi`, `berat_produk`, `manfaat`, `cara_penggunaan`, `harga`, `image1`, `image2`, `image3`, `created_at`, `updated_at`, `stock`) VALUES
(4, 1, 'coba multiple hapus multiple', '20 gram', '12x12x12', 12, 'blablabla', 'blablabla', '12312', '1607680564.png', '1607678390.jpg', '1607678390.png', '2020-12-07 23:50:23', '2020-12-11 06:48:09', 'Out of Stock'),
(6, 3, 'Produk Raaina 2', '20 gram', '12x12x12', 200, '<strong>Kehidupan seorang wanita tak lepas dari kosmetik. Selain untuk mempercantik diri, kosmetik juga digunakan untuk tujuan kesehatan, mulai dari mengatasi jerawat, melindungi kulit dari efek buruk sinar matahari, menghidrasi dan menutrisi kulit, serta melawan tanda-tanda penuaan. Meski demikian, wanita harus jeli dan memahami bahan dasar kosmetik yang digunakannya.</strong>', '<strong>Kehidupan seorang wanita tak lepas dari kosmetik. Selain untuk mempercantik diri, kosmetik juga digunakan untuk tujuan kesehatan, mulai dari mengatasi jerawat, melindungi kulit dari efek buruk sinar matahari, menghidrasi dan menutrisi kulit, serta melawan tanda-tanda penuaan. Meski demikian, wanita harus jeli dan memahami bahan dasar kosmetik yang digunakannya.</strong>', '20000', '1607680630.png', NULL, NULL, '2020-12-09 04:46:21', '2020-12-11 02:57:10', 'In Stock'),
(7, 1, 'coba multiple hapus multiple 2', '20 gram', '12x12x12', 12, 'blablabla', 'blablabla', '12312', '1607680615.png', '1607410223.jpg', '1607410223.jpg', '2020-12-07 23:50:23', '2020-12-11 02:56:55', 'In Stock'),
(8, 3, 'Produk Raaina 2 ss', '20 gram', '12x12x12', 200, '<strong>Kehidupan seorang wanita tak lepas dari kosmetik. Selain untuk mempercantik diri, kosmetik juga digunakan untuk tujuan kesehatan, mulai dari mengatasi jerawat, melindungi kulit dari efek buruk sinar matahari, menghidrasi dan menutrisi kulit, serta melawan tanda-tanda penuaan. Meski demikian, wanita harus jeli dan memahami bahan dasar kosmetik yang digunakannya.</strong>', '<strong>Kehidupan seorang wanita tak lepas dari kosmetik. Selain untuk mempercantik diri, kosmetik juga digunakan untuk tujuan kesehatan, mulai dari mengatasi jerawat, melindungi kulit dari efek buruk sinar matahari, menghidrasi dan menutrisi kulit, serta melawan tanda-tanda penuaan. Meski demikian, wanita harus jeli dan memahami bahan dasar kosmetik yang digunakannya.</strong>', '20000', '1607680650.png', NULL, NULL, '2020-12-09 04:46:21', '2020-12-11 02:57:30', 'In Stock');

-- --------------------------------------------------------

--
-- Table structure for table `profiles`
--

CREATE TABLE `profiles` (
  `id` bigint(20) UNSIGNED NOT NULL,
  `nama_lengkap` varchar(255) COLLATE utf8mb4_unicode_ci NOT NULL,
  `tanggal_lahir` date DEFAULT NULL,
  `no_hp` varchar(15) COLLATE utf8mb4_unicode_ci NOT NULL,
  `alamat_pengiriman` longtext COLLATE utf8mb4_unicode_ci NOT NULL,
  `avatar` varchar(255) COLLATE utf8mb4_unicode_ci DEFAULT NULL,
  `user_id` bigint(20) UNSIGNED NOT NULL,
  `created_at` timestamp NULL DEFAULT NULL,
  `updated_at` timestamp NULL DEFAULT NULL
) ENGINE=InnoDB DEFAULT CHARSET=utf8mb4 COLLATE=utf8mb4_unicode_ci;

--
-- Dumping data for table `profiles`
--

INSERT INTO `profiles` (`id`, `nama_lengkap`, `tanggal_lahir`, `no_hp`, `alamat_pengiriman`, `avatar`, `user_id`, `created_at`, `updated_at`) VALUES
(1, 'Akun Guest Test edited', '1994-10-20', '829328233', 'alamat asal dulu', '1608470536.png', 2, '2020-12-10 01:07:00', '2020-12-20 06:22:16');

-- --------------------------------------------------------

--
-- Table structure for table `provinces`
--

CREATE TABLE `provinces` (
  `id` bigint(20) UNSIGNED NOT NULL,
  `province` varchar(255) COLLATE utf8mb4_unicode_ci NOT NULL,
  `created_at` timestamp NULL DEFAULT NULL,
  `updated_at` timestamp NULL DEFAULT NULL
) ENGINE=InnoDB DEFAULT CHARSET=utf8mb4 COLLATE=utf8mb4_unicode_ci;

--
-- Dumping data for table `provinces`
--

INSERT INTO `provinces` (`id`, `province`, `created_at`, `updated_at`) VALUES
(1, 'Bali', NULL, NULL),
(2, 'Bangka Belitung', NULL, NULL),
(3, 'Banten', NULL, NULL),
(4, 'Bengkulu', NULL, NULL),
(5, 'DI Yogyakarta', NULL, NULL),
(6, 'DKI Jakarta', NULL, NULL),
(7, 'Gorontalo', NULL, NULL),
(8, 'Jambi', NULL, NULL),
(9, 'Jawa Barat', NULL, NULL),
(10, 'Jawa Tengah', NULL, NULL),
(11, 'Jawa Timur', NULL, NULL),
(12, 'Kalimantan Barat', NULL, NULL),
(13, 'Kalimantan Selatan', NULL, NULL),
(14, 'Kalimantan Tengah', NULL, NULL),
(15, 'Kalimantan Timur', NULL, NULL),
(16, 'Kalimantan Utara', NULL, NULL),
(17, 'Kepulauan Riau', NULL, NULL),
(18, 'Lampung', NULL, NULL),
(19, 'Maluku', NULL, NULL),
(20, 'Maluku Utara', NULL, NULL),
(21, 'Nanggroe Aceh Darussalam (NAD)', NULL, NULL),
(22, 'Nusa Tenggara Barat (NTB)', NULL, NULL),
(23, 'Nusa Tenggara Timur (NTT)', NULL, NULL),
(24, 'Papua', NULL, NULL),
(25, 'Papua Barat', NULL, NULL),
(26, 'Riau', NULL, NULL),
(27, 'Sulawesi Barat', NULL, NULL),
(28, 'Sulawesi Selatan', NULL, NULL),
(29, 'Sulawesi Tengah', NULL, NULL),
(30, 'Sulawesi Tenggara', NULL, NULL),
(31, 'Sulawesi Utara', NULL, NULL),
(32, 'Sumatera Barat', NULL, NULL),
(33, 'Sumatera Selatan', NULL, NULL),
(34, 'Sumatera Utara', NULL, NULL);

-- --------------------------------------------------------

--
-- Table structure for table `users`
--

CREATE TABLE `users` (
  `id` bigint(20) UNSIGNED NOT NULL,
  `name` varchar(255) COLLATE utf8mb4_unicode_ci NOT NULL,
  `email` varchar(255) COLLATE utf8mb4_unicode_ci NOT NULL,
  `email_verified_at` timestamp NULL DEFAULT NULL,
  `password` varchar(255) COLLATE utf8mb4_unicode_ci NOT NULL,
  `level` varchar(255) COLLATE utf8mb4_unicode_ci DEFAULT NULL,
  `remember_token` varchar(100) COLLATE utf8mb4_unicode_ci DEFAULT NULL,
  `created_at` timestamp NULL DEFAULT NULL,
  `updated_at` timestamp NULL DEFAULT NULL
) ENGINE=InnoDB DEFAULT CHARSET=utf8mb4 COLLATE=utf8mb4_unicode_ci;

--
-- Dumping data for table `users`
--

INSERT INTO `users` (`id`, `name`, `email`, `email_verified_at`, `password`, `level`, `remember_token`, `created_at`, `updated_at`) VALUES
(1, 'Helmi Hakimudin', 'helmihakimudin@gmail.com', '2020-12-09 10:17:02', '$2y$10$3WNOLgjZzV1cv/3KYLrYwuGe..8264qhgqJ5rXhmg4LWqWCJQnSmu', 'administrator', NULL, '2020-12-03 00:16:01', '2020-12-09 10:17:02'),
(2, 'Helmi 2', 'ngajikuy.ofc@gmail.com', '2020-12-09 10:23:55', '$2y$10$gU8X1tyFD34IrRbs.HVpyeJ2CoZihLlO77kD8QQuKcCw3ubcSaraa', NULL, NULL, '2020-12-09 10:23:12', '2020-12-09 10:23:55');

--
-- Indexes for dumped tables
--

--
-- Indexes for table `categories`
--
ALTER TABLE `categories`
  ADD PRIMARY KEY (`id`);

--
-- Indexes for table `cities`
--
ALTER TABLE `cities`
  ADD PRIMARY KEY (`id`),
  ADD KEY `cities_province_id_foreign` (`province_id`);

--
-- Indexes for table `details`
--
ALTER TABLE `details`
  ADD PRIMARY KEY (`id`),
  ADD KEY `details_product_id_foreign` (`product_id`),
  ADD KEY `details_order_id_foreign` (`order_id`);

--
-- Indexes for table `failed_jobs`
--
ALTER TABLE `failed_jobs`
  ADD PRIMARY KEY (`id`),
  ADD UNIQUE KEY `failed_jobs_uuid_unique` (`uuid`);

--
-- Indexes for table `headers`
--
ALTER TABLE `headers`
  ADD PRIMARY KEY (`id`);

--
-- Indexes for table `ingredients`
--
ALTER TABLE `ingredients`
  ADD PRIMARY KEY (`id`);

--
-- Indexes for table `ingredient_product`
--
ALTER TABLE `ingredient_product`
  ADD PRIMARY KEY (`id`);

--
-- Indexes for table `migrations`
--
ALTER TABLE `migrations`
  ADD PRIMARY KEY (`id`);

--
-- Indexes for table `orders`
--
ALTER TABLE `orders`
  ADD PRIMARY KEY (`id`),
  ADD KEY `orders_user_id_foreign` (`user_id`);

--
-- Indexes for table `password_resets`
--
ALTER TABLE `password_resets`
  ADD KEY `password_resets_email_index` (`email`);

--
-- Indexes for table `products`
--
ALTER TABLE `products`
  ADD PRIMARY KEY (`id`),
  ADD KEY `products_categories_id_foreign` (`categories_id`);

--
-- Indexes for table `profiles`
--
ALTER TABLE `profiles`
  ADD PRIMARY KEY (`id`),
  ADD KEY `profiles_user_id_foreign` (`user_id`);

--
-- Indexes for table `provinces`
--
ALTER TABLE `provinces`
  ADD PRIMARY KEY (`id`);

--
-- Indexes for table `users`
--
ALTER TABLE `users`
  ADD PRIMARY KEY (`id`),
  ADD UNIQUE KEY `users_email_unique` (`email`);

--
-- AUTO_INCREMENT for dumped tables
--

--
-- AUTO_INCREMENT for table `categories`
--
ALTER TABLE `categories`
  MODIFY `id` bigint(20) UNSIGNED NOT NULL AUTO_INCREMENT, AUTO_INCREMENT=5;

--
-- AUTO_INCREMENT for table `cities`
--
ALTER TABLE `cities`
  MODIFY `id` bigint(20) UNSIGNED NOT NULL AUTO_INCREMENT, AUTO_INCREMENT=502;

--
-- AUTO_INCREMENT for table `details`
--
ALTER TABLE `details`
  MODIFY `id` bigint(20) UNSIGNED NOT NULL AUTO_INCREMENT, AUTO_INCREMENT=28;

--
-- AUTO_INCREMENT for table `failed_jobs`
--
ALTER TABLE `failed_jobs`
  MODIFY `id` bigint(20) UNSIGNED NOT NULL AUTO_INCREMENT;

--
-- AUTO_INCREMENT for table `headers`
--
ALTER TABLE `headers`
  MODIFY `id` bigint(20) UNSIGNED NOT NULL AUTO_INCREMENT, AUTO_INCREMENT=6;

--
-- AUTO_INCREMENT for table `ingredients`
--
ALTER TABLE `ingredients`
  MODIFY `id` bigint(20) UNSIGNED NOT NULL AUTO_INCREMENT, AUTO_INCREMENT=7;

--
-- AUTO_INCREMENT for table `ingredient_product`
--
ALTER TABLE `ingredient_product`
  MODIFY `id` bigint(20) UNSIGNED NOT NULL AUTO_INCREMENT, AUTO_INCREMENT=16;

--
-- AUTO_INCREMENT for table `migrations`
--
ALTER TABLE `migrations`
  MODIFY `id` int(10) UNSIGNED NOT NULL AUTO_INCREMENT, AUTO_INCREMENT=19;

--
-- AUTO_INCREMENT for table `orders`
--
ALTER TABLE `orders`
  MODIFY `id` bigint(20) UNSIGNED NOT NULL AUTO_INCREMENT, AUTO_INCREMENT=22;

--
-- AUTO_INCREMENT for table `products`
--
ALTER TABLE `products`
  MODIFY `id` bigint(20) UNSIGNED NOT NULL AUTO_INCREMENT, AUTO_INCREMENT=9;

--
-- AUTO_INCREMENT for table `profiles`
--
ALTER TABLE `profiles`
  MODIFY `id` bigint(20) UNSIGNED NOT NULL AUTO_INCREMENT, AUTO_INCREMENT=3;

--
-- AUTO_INCREMENT for table `provinces`
--
ALTER TABLE `provinces`
  MODIFY `id` bigint(20) UNSIGNED NOT NULL AUTO_INCREMENT, AUTO_INCREMENT=35;

--
-- AUTO_INCREMENT for table `users`
--
ALTER TABLE `users`
  MODIFY `id` bigint(20) UNSIGNED NOT NULL AUTO_INCREMENT, AUTO_INCREMENT=3;

--
-- Constraints for dumped tables
--

--
-- Constraints for table `cities`
--
ALTER TABLE `cities`
  ADD CONSTRAINT `cities_province_id_foreign` FOREIGN KEY (`province_id`) REFERENCES `provinces` (`id`);

--
-- Constraints for table `details`
--
ALTER TABLE `details`
  ADD CONSTRAINT `details_order_id_foreign` FOREIGN KEY (`order_id`) REFERENCES `orders` (`id`),
  ADD CONSTRAINT `details_product_id_foreign` FOREIGN KEY (`product_id`) REFERENCES `products` (`id`);

--
-- Constraints for table `orders`
--
ALTER TABLE `orders`
  ADD CONSTRAINT `orders_user_id_foreign` FOREIGN KEY (`user_id`) REFERENCES `users` (`id`);

--
-- Constraints for table `products`
--
ALTER TABLE `products`
  ADD CONSTRAINT `products_categories_id_foreign` FOREIGN KEY (`categories_id`) REFERENCES `categories` (`id`);

--
-- Constraints for table `profiles`
--
ALTER TABLE `profiles`
  ADD CONSTRAINT `profiles_user_id_foreign` FOREIGN KEY (`user_id`) REFERENCES `users` (`id`);
COMMIT;

/*!40101 SET CHARACTER_SET_CLIENT=@OLD_CHARACTER_SET_CLIENT */;
/*!40101 SET CHARACTER_SET_RESULTS=@OLD_CHARACTER_SET_RESULTS */;
/*!40101 SET COLLATION_CONNECTION=@OLD_COLLATION_CONNECTION */;
